old_url,new_shopify_url,link_kind,reason
/specials/images/BP-1792-finish copy.jpg,https://cdn.shopify.com/s/files/1/0766/1489/3857/files/BP-1792-finish_copy.jpg?v=1718231173,asset,filename_mismatch_manual_mapping
/specials/images/IVES-580-Specifications.gif,https://cdn.shopify.com/s/files/1/0766/1489/3857/files/INX-345-finishes.jpg?v=1704354748,asset,filename_mismatch_manual_mapping
/specials/images/KABA-201526D41-specifications.gif,https://cdn.shopify.com/s/files/1/0766/1489/3857/files/INX-CYEU-5035TK-specifications.gif?v=1704442291,asset,filename_mismatch_manual_mapping
/specials/images/KABA-6200-specifications.gif,https://cdn.shopify.com/s/files/1/0766/1489/3857/files/INX-RA106-specifications.gif?v=1704354661,asset,filename_mismatch_manual_mapping
/specials/images/KWI-200DL-finishes.jpg,https://cdn.shopify.com/s/files/1/0766/1489/3857/files/INX-SH210-specifications.gif?v=1704354771,asset,filename_mismatch_manual_mapping
/specials/images/KWI-818SCE-size.jpg,https://cdn.shopify.com/s/files/1/0766/1489/3857/files/INX-SH217-specifications.gif?v=1704354653,asset,filename_mismatch_manual_mapping
/specials/images/KWI-819SCE-size.jpg,https://cdn.shopify.com/s/files/1/0766/1489/3857/files/INX-SH223-specifications.gif?v=1704354650,asset,filename_mismatch_manual_mapping
/specials/images/KWI-BL-finishes.jpg,https://cdn.shopify.com/s/files/1/0766/1489/3857/files/INX-SH243-specifications.gif?v=1704354750,asset,filename_mismatch_manual_mapping
/specials/images/KWI-CV-Installed.jpg,https://cdn.shopify.com/s/files/1/0766/1489/3857/files/INX-SH344-specifications.gif?v=1704354769,asset,filename_mismatch_manual_mapping
/specials/images/KWI-P-Finishes.jpg,https://cdn.shopify.com/s/files/1/0766/1489/3857/files/IVES-580-Specifications.gif?v=1704354537,asset,filename_mismatch_manual_mapping
/specials/images/KWI-T-Installed.jpg,https://cdn.shopify.com/s/files/1/0766/1489/3857/files/jackson_20-330.gif?v=1704354711,asset,filename_mismatch_manual_mapping
/specials/images/LCN-2014-closer-size.gif,https://cdn.shopify.com/s/files/1/0766/1489/3857/files/kaba-5000-size.gif?v=1704354507,asset,filename_mismatch_manual_mapping
/specials/images/LCN-2030-closer-size.gif,https://cdn.shopify.com/s/files/1/0766/1489/3857/files/kaba-5200-size.gif?v=1704354599,asset,filename_mismatch_manual_mapping
/specials/images/LCN-3133-closer-size.gif,https://cdn.shopify.com/s/files/1/0766/1489/3857/files/KABA-6200-specifications.gif?v=1704442280,asset,filename_mismatch_manual_mapping
/specials/images/LCN-4040SE-size.gif,https://cdn.shopify.com/s/files/1/0766/1489/3857/files/kaba-7104-size.gif?v=1704354497,asset,filename_mismatch_manual_mapping
/specials/images/LCN-4041T-size.gif,https://cdn.shopify.com/s/files/1/0766/1489/3857/files/kaba-E2031-size.gif?v=1704354743,asset,filename_mismatch_manual_mapping
/specials/images/LCN-4111T-size.gif,https://cdn.shopify.com/s/files/1/0766/1489/3857/files/kaba-simplex-1021-size.gif?v=1704354530,asset,filename_mismatch_manual_mapping
/specials/images/LCN-4642-size.gif,https://cdn.shopify.com/s/files/1/0766/1489/3857/files/kaba-simplex-1031-size.gif?v=1704354741,asset,filename_mismatch_manual_mapping
/specials/images/LCN-4822-size.gif,https://cdn.shopify.com/s/files/1/0766/1489/3857/files/kaba-simplex-1041-size.gif?v=1704354544,asset,filename_mismatch_manual_mapping
/specials/images/MGR-filigree-detail.jpg,https://cdn.shopify.com/s/files/1/0766/1489/3857/files/kaba-simplex-910-size.gif?v=1704354497,asset,filename_mismatch_manual_mapping
/specials/images/MHE-Oiled-pinapple.jpg,https://cdn.shopify.com/s/files/1/0766/1489/3857/files/kaba-simplex-929-size.gif?v=1704354662,asset,filename_mismatch_manual_mapping
/specials/images/MHE-brass-pinapple.jpg,https://cdn.shopify.com/s/files/1/0766/1489/3857/files/kaba-simplex-917-size.gif?v=1704354679,asset,filename_mismatch_manual_mapping
/specials/images/MHE-nickel-pinapple.jpg,https://cdn.shopify.com/s/files/1/0766/1489/3857/files/kaba-simplex-919-size.gif?v=1704354706,asset,filename_mismatch_manual_mapping
/specials/images/MHE-ring-brass.jpg,https://cdn.shopify.com/s/files/1/0766/1489/3857/files/kaba-simplex-938-size.gif?v=1704354705,asset,filename_mismatch_manual_mapping
/specials/images/MHE-ring-nickel.jpg,https://cdn.shopify.com/s/files/1/0766/1489/3857/files/kaba-simplex-EE1011EE1011-size.gif?v=1704354552,asset,filename_mismatch_manual_mapping
/specials/images/MHE-ring-oiled.jpg,https://cdn.shopify.com/s/files/1/0766/1489/3857/files/kaba-simplex-EE1021SEE1021-size.gif?v=1704354530,asset,filename_mismatch_manual_mapping
/specials/images/MHE-scallop-brass.jpg,https://cdn.shopify.com/s/files/1/0766/1489/3857/files/kaba-simplex-L1011-size.gif?v=1704354644,asset,filename_mismatch_manual_mapping
/specials/images/MHE-scallop-nickel.jpg,https://cdn.shopify.com/s/files/1/0766/1489/3857/files/kaba-simplex-L1021-size.gif?v=1704354500,asset,filename_mismatch_manual_mapping
/specials/images/MHE-scallop-oiled.jpg,https://cdn.shopify.com/s/files/1/0766/1489/3857/files/kaba-simplex-L1031-size.gif?v=1704354728,asset,filename_mismatch_manual_mapping
/specials/images/MHE-starfish-brass.jpg,https://cdn.shopify.com/s/files/1/0766/1489/3857/files/kaba-simplex-L1041-size.gif?v=1704354497,asset,filename_mismatch_manual_mapping
/specials/images/MHE-starfish-nickel.jpg,https://cdn.shopify.com/s/files/1/0766/1489/3857/files/kaba-simplex-L1076-size.gif?v=1704354657,asset,filename_mismatch_manual_mapping
/specials/images/MUL-T-LOCK-C08PC1_size.gif,https://cdn.shopify.com/s/files/1/0766/1489/3857/files/KWI-200DL-finishes.jpg?v=1704354518,asset,filename_mismatch_manual_mapping
/specials/images/MUL-T-LOCK-C08PC2_size.gif,https://cdn.shopify.com/s/files/1/0766/1489/3857/files/KWI-818SCE-size.jpg?v=1704354781,asset,filename_mismatch_manual_mapping
/specials/images/MUL-T-LOCK-C08PC3_size.gif,https://cdn.shopify.com/s/files/1/0766/1489/3857/files/KWI-819SCE-size.jpg?v=1704354596,asset,filename_mismatch_manual_mapping
/specials/images/MUL-T-LOCK-C10PC1_size.gif,https://cdn.shopify.com/s/files/1/0766/1489/3857/files/KWI-BL-finishes.jpg?v=1704354680,asset,filename_mismatch_manual_mapping
/specials/images/MUL-T-LOCK-C10PC2_size.gif,https://cdn.shopify.com/s/files/1/0766/1489/3857/files/KWI-CV-Installed.jpg?v=1704354550,asset,filename_mismatch_manual_mapping
/specials/images/MUL-T-LOCK-C10PC3_size.gif,https://cdn.shopify.com/s/files/1/0766/1489/3857/files/KWI-P-Finishes.jpg?v=1704354619,asset,filename_mismatch_manual_mapping
/specials/images/MUL-T-LOCK-C13PC1_size.gif,https://cdn.shopify.com/s/files/1/0766/1489/3857/files/KWI-T-Installed.jpg?v=1704354583,asset,filename_mismatch_manual_mapping
/specials/images/MUL-T-LOCK-C13PC2_size.gif,https://cdn.shopify.com/s/files/1/0766/1489/3857/files/kwikset-camino-dummy-size.jpg?v=1704442286,asset,filename_mismatch_manual_mapping
/specials/images/MUL-T-LOCK-C13PC3_size.gif,https://cdn.shopify.com/s/files/1/0766/1489/3857/files/kwikset-camino-size.jpg?v=1704442286,asset,filename_mismatch_manual_mapping
/specials/images/MUL-T-LOCK-C16RC1_size.gif,https://cdn.shopify.com/s/files/1/0766/1489/3857/files/LAU-234-Side.jpg?v=1704354768,asset,filename_mismatch_manual_mapping
/specials/images/MUL-T-LOCK-C35SB_size.gif,https://cdn.shopify.com/s/files/1/0766/1489/3857/files/LAU-37404-SM.jpg?v=1704354615,asset,filename_mismatch_manual_mapping
/specials/images/MUL-T-LOCK-E08HE_size.gif,https://cdn.shopify.com/s/files/1/0766/1489/3857/files/LAU-37406-SM.jpg?v=1704354614,asset,filename_mismatch_manual_mapping
/specials/images/MUL-T-LOCK-E08LE1_size.gif,https://cdn.shopify.com/s/files/1/0766/1489/3857/files/LAU-37420-SM.jpg?v=1704354614,asset,filename_mismatch_manual_mapping
/specials/images/MUL-T-LOCK-E08LE2_size.gif,https://cdn.shopify.com/s/files/1/0766/1489/3857/files/LAU-37428-SM.jpg?v=1704354614,asset,filename_mismatch_manual_mapping
/specials/images/MUL-T-LOCK-E08LE3_size.gif,https://cdn.shopify.com/s/files/1/0766/1489/3857/files/LAU-37466-SM.jpg?v=1704354614,asset,filename_mismatch_manual_mapping
/specials/images/MUL-T-LOCK-E11HE_size.gif,https://cdn.shopify.com/s/files/1/0766/1489/3857/files/LAU-38204.jpg?v=1704354726,asset,filename_mismatch_manual_mapping
/specials/images/MUL-T-LOCK-E11LE1_size.gif,https://cdn.shopify.com/s/files/1/0766/1489/3857/files/LAU-38228.jpg?v=1704354726,asset,filename_mismatch_manual_mapping
/specials/images/MUL-T-LOCK-E11LE2_size.gif,https://cdn.shopify.com/s/files/1/0766/1489/3857/files/LAU-38266.jpg?v=1704354726,asset,filename_mismatch_manual_mapping
/specials/images/MUL-T-LOCK-E11LE3_size.gif,https://cdn.shopify.com/s/files/1/0766/1489/3857/files/LAU-38428-SM.jpg?v=1704354613,asset,filename_mismatch_manual_mapping
/specials/images/MUL-T-LOCK-E11SBP_size.gif,https://cdn.shopify.com/s/files/1/0766/1489/3857/files/LAU-38466-SM.jpg?v=1704354613,asset,filename_mismatch_manual_mapping
/specials/images/MUL-T-LOCK-E11SBR_size.gif,https://cdn.shopify.com/s/files/1/0766/1489/3857/files/LAU-38476-SM.jpg?v=1704354613,asset,filename_mismatch_manual_mapping
/specials/images/MUL-T-LOCK-E13SBR_size.gif,https://cdn.shopify.com/s/files/1/0766/1489/3857/files/LAU-39020.jpg?v=1704354742,asset,filename_mismatch_manual_mapping
/specials/images/MUL-T-LOCK-E14HE_size.gif,https://cdn.shopify.com/s/files/1/0766/1489/3857/files/LAU-39028.jpg?v=1704354742,asset,filename_mismatch_manual_mapping
/specials/images/MUL-T-LOCK-E14LE1_size.gif,https://cdn.shopify.com/s/files/1/0766/1489/3857/files/LAU-39120.jpg?v=1704354672,asset,filename_mismatch_manual_mapping
/specials/images/MUL-T-LOCK-E14LE2_size.gif,https://cdn.shopify.com/s/files/1/0766/1489/3857/files/LAU-39128.jpg?v=1704354672,asset,filename_mismatch_manual_mapping
/specials/images/MUL-T-LOCK-E14LE3_size.gif,https://cdn.shopify.com/s/files/1/0766/1489/3857/files/LAU-39206-SM.jpg?v=1704354588,asset,filename_mismatch_manual_mapping
/specials/images/MUL-T-LOCK-G47G1_size.gif,https://cdn.shopify.com/s/files/1/0766/1489/3857/files/LAU-39220-SM.jpg?v=1704354588,asset,filename_mismatch_manual_mapping
/specials/images/MUL-T-LOCK-G55G1_size.gif,https://cdn.shopify.com/s/files/1/0766/1489/3857/files/LAU-39266-SM.jpg?v=1704354588,asset,filename_mismatch_manual_mapping
/specials/images/MUL-T-LOCK-G55P_size.gif,https://cdn.shopify.com/s/files/1/0766/1489/3857/files/LAU-39620-SM.jpg?v=1704354656,asset,filename_mismatch_manual_mapping
/specials/images/MUL-T-LOCK-NE10HE1_size.gif,https://cdn.shopify.com/s/files/1/0766/1489/3857/files/LAU-39666-SM.jpg?v=1704354656,asset,filename_mismatch_manual_mapping
/specials/images/MUL-T-LOCK-NE10LE1_size.gif,https://cdn.shopify.com/s/files/1/0766/1489/3857/files/LAU-39720-SM.jpg?v=1704354542,asset,filename_mismatch_manual_mapping
/specials/images/MUL-T-LOCK-TR100_size.gif,https://cdn.shopify.com/s/files/1/0766/1489/3857/files/LAU-39766-SM.jpg?v=1704354543,asset,filename_mismatch_manual_mapping
/specials/images/MUL-T-LOCK-TSR25_size.gif,https://cdn.shopify.com/s/files/1/0766/1489/3857/files/LAU-41026-SM.jpg?v=1704354526,asset,filename_mismatch_manual_mapping
/specials/images/MUL-T-LOCK-TSR50_size.gif,https://cdn.shopify.com/s/files/1/0766/1489/3857/files/LAU-41028-SM.jpg?v=1704354526,asset,filename_mismatch_manual_mapping
/specials/images/OMN-10-specifications.gif,https://cdn.shopify.com/s/files/1/0766/1489/3857/files/LAU-54620-SM.jpg?v=1704354652,asset,filename_mismatch_manual_mapping
/specials/images/OMN-11-specifications.gif,https://cdn.shopify.com/s/files/1/0766/1489/3857/files/LAU-54626-SM.jpg?v=1704354587,asset,filename_mismatch_manual_mapping
/specials/images/OMN-12-D9000-Specifications.gif,https://cdn.shopify.com/s/files/1/0766/1489/3857/files/LAU-54628-SM.jpg?v=1704354587,asset,filename_mismatch_manual_mapping
/specials/images/OMN-12-specifications.gif,https://cdn.shopify.com/s/files/1/0766/1489/3857/files/LAU-54666-SM.jpg?v=1704354652,asset,filename_mismatch_manual_mapping
/specials/images/OMN-12S-D9000SA-specifications.gif,https://cdn.shopify.com/s/files/1/0766/1489/3857/files/LAU-55505-SM.jpg?v=1704354520,asset,filename_mismatch_manual_mapping
/specials/images/OMN-12S-D9000SAC-specifications.gif,https://cdn.shopify.com/s/files/1/0766/1489/3857/files/LAU-55526-SM.jpg?v=1704354514,asset,filename_mismatch_manual_mapping
/specials/images/OMN-12S-specifications.gif,https://cdn.shopify.com/s/files/1/0766/1489/3857/files/LAU-55537-SM.jpg?v=1704354521,asset,filename_mismatch_manual_mapping
/specials/images/OMN-15-specifications.gif,https://cdn.shopify.com/s/files/1/0766/1489/3857/files/LAU-55559-SM.jpg?v=1704354514,asset,filename_mismatch_manual_mapping
/specials/images/OMN-18-specifications.gif,https://cdn.shopify.com/s/files/1/0766/1489/3857/files/LAU-55566-SM.jpg?v=1704354520,asset,filename_mismatch_manual_mapping
/specials/images/OMN-19-specifications.gif,https://cdn.shopify.com/s/files/1/0766/1489/3857/files/LAU-55577-SM.jpg?v=1704354520,asset,filename_mismatch_manual_mapping
/specials/images/OMN-22-specifications.gif,https://cdn.shopify.com/s/files/1/0766/1489/3857/files/LAU-55926-SM.jpg?v=1704354595,asset,filename_mismatch_manual_mapping
/specials/images/OMN-23-specifications.gif,https://cdn.shopify.com/s/files/1/0766/1489/3857/files/LAU-55928-SM.jpg?v=1704354595,asset,filename_mismatch_manual_mapping
/specials/images/OMN-25-specifications.gif,https://cdn.shopify.com/s/files/1/0766/1489/3857/files/LAU-57004-SM.jpg?v=1704354616,asset,filename_mismatch_manual_mapping
/specials/images/OMN-25S-D9000SA-specifications.gif,https://cdn.shopify.com/s/files/1/0766/1489/3857/files/LAU-57020-SM.jpg?v=1704354615,asset,filename_mismatch_manual_mapping
/specials/images/OMN-25S-specifications.gif,https://cdn.shopify.com/s/files/1/0766/1489/3857/files/LAU-57026-SM.jpg?v=1704354616,asset,filename_mismatch_manual_mapping
/specials/images/OMN-28-specifications.gif,https://cdn.shopify.com/s/files/1/0766/1489/3857/files/LAU-57028-SM.jpg?v=1704354616,asset,filename_mismatch_manual_mapping
/specials/images/OMN-29-specifications.gif,https://cdn.shopify.com/s/files/1/0766/1489/3857/files/LAU-57066-SM.jpg?v=1704354615,asset,filename_mismatch_manual_mapping
/specials/images/OMN-32-specifications.gif,https://cdn.shopify.com/s/files/1/0766/1489/3857/files/LAU-57520-SM.jpg?v=1704354660,asset,filename_mismatch_manual_mapping
/specials/images/OMN-33-specifications.gif,https://cdn.shopify.com/s/files/1/0766/1489/3857/files/LAU-57559-SM.jpg?v=1704354661,asset,filename_mismatch_manual_mapping
/specials/images/OMN-43-specifications.gif,https://cdn.shopify.com/s/files/1/0766/1489/3857/files/LAU-72810-sm.jpg?v=1704354643,asset,filename_mismatch_manual_mapping
/specials/images/OMN-43S-specifications.gif,https://cdn.shopify.com/s/files/1/0766/1489/3857/files/LAU-72826-sm.jpg?v=1704354643,asset,filename_mismatch_manual_mapping
/specials/images/OMN-45-specifications.gif,https://cdn.shopify.com/s/files/1/0766/1489/3857/files/LAU-72828-sm.jpg?v=1704354643,asset,filename_mismatch_manual_mapping
/specials/images/OMN-47-specifications.gif,https://cdn.shopify.com/s/files/1/0766/1489/3857/files/LAU-72866-sm.jpg?v=1704354602,asset,filename_mismatch_manual_mapping
/specials/images/OMN-5-2-finish.jpg,https://cdn.shopify.com/s/files/1/0766/1489/3857/files/LAU-74410-SM.jpg?v=1704354552,asset,filename_mismatch_manual_mapping
/specials/images/OMN-5-2-update-finish.jpg,https://cdn.shopify.com/s/files/1/0766/1489/3857/files/LAU-74426-SM.jpg?v=1704354551,asset,filename_mismatch_manual_mapping
/specials/images/OMN-5037N-finish.jpg,https://cdn.shopify.com/s/files/1/0766/1489/3857/files/LAU-74428-SM.jpg?v=1704354551,asset,filename_mismatch_manual_mapping
/specials/images/OMN-710-aca.jpg,https://cdn.shopify.com/s/files/1/0766/1489/3857/files/LAU-74466-SM.jpg?v=1704354551,asset,filename_mismatch_manual_mapping
/specials/images/OMN-710-ecb.jpg,https://cdn.shopify.com/s/files/1/0766/1489/3857/files/LAU-74477-SM.jpg?v=1704354552,asset,filename_mismatch_manual_mapping
/specials/images/OMN-720-aca.jpg,https://cdn.shopify.com/s/files/1/0766/1489/3857/files/LAU-74510-SM.jpg?v=1704354547,asset,filename_mismatch_manual_mapping
/specials/images/OMN-720-acb.jpg,https://cdn.shopify.com/s/files/1/0766/1489/3857/files/LAU-74526-SM.jpg?v=1704354547,asset,filename_mismatch_manual_mapping
/specials/images/OMN-720-ecb.jpg,https://cdn.shopify.com/s/files/1/0766/1489/3857/files/LAU-74528-SM.jpg?v=1704354547,asset,filename_mismatch_manual_mapping
/specials/images/OMN-730-aca.jpg,https://cdn.shopify.com/s/files/1/0766/1489/3857/files/LAU-74566-SM.jpg?v=1704354547,asset,filename_mismatch_manual_mapping
/specials/images/OMN-730acb.jpg,https://cdn.shopify.com/s/files/1/0766/1489/3857/files/LAU-74577-SM.jpg?v=1704354547,asset,filename_mismatch_manual_mapping
/specials/images/OMN-7506-specifications.gif,https://cdn.shopify.com/s/files/1/0766/1489/3857/files/LAU-75026-SM.jpg?v=1704354610,asset,filename_mismatch_manual_mapping
/specials/images/OMN-943S-specifications.gif,https://cdn.shopify.com/s/files/1/0766/1489/3857/files/LAU-75028-SM.jpg?v=1704354609,asset,filename_mismatch_manual_mapping
/specials/images/OMN-9523-side.jpg,https://cdn.shopify.com/s/files/1/0766/1489/3857/files/LAU-99924-SM.jpg?v=1704354660,asset,filename_mismatch_manual_mapping
/specials/images/OMN-9580-finish.jpg,https://cdn.shopify.com/s/files/1/0766/1489/3857/files/LAU-CONTEMPO-PC-SM.jpg?v=1704354595,asset,filename_mismatch_manual_mapping
/specials/images/OMN-D9000A-specifications.gif,https://cdn.shopify.com/s/files/1/0766/1489/3857/files/LAU-MIDTOWN-SN-SM.jpg?v=1704354608,asset,filename_mismatch_manual_mapping
/specials/images/OMN-D9000AC-specifications.gif,https://cdn.shopify.com/s/files/1/0766/1489/3857/files/LAU-MIDTOWN-TC-SM.jpg?v=1704354608,asset,filename_mismatch_manual_mapping
/specials/images/OMN-D9000S-specifications.gif,https://cdn.shopify.com/s/files/1/0766/1489/3857/files/LAU-Tribeca-Sizes.jpg?v=1704354638,asset,filename_mismatch_manual_mapping
/specials/images/OMN-D9002-specifications.gif,https://cdn.shopify.com/s/files/1/0766/1489/3857/files/lcn-1460-arms.jpg?v=1704354689,asset,filename_mismatch_manual_mapping
/specials/images/OMN-D900SAC-specifications.gif,https://cdn.shopify.com/s/files/1/0766/1489/3857/files/LCN-2014-closer-size.gif?v=1704354654,asset,filename_mismatch_manual_mapping
/specials/images/OMN-FLORDB-Specifications.gif,https://cdn.shopify.com/s/files/1/0766/1489/3857/files/MHE-scallop-brass.jpg?v=1704354527,asset,filename_mismatch_manual_mapping
/specials/images/OMN-Finish-2.jpg,https://cdn.shopify.com/s/files/1/0766/1489/3857/files/lcn-4010-series-closer.jpg?v=1704354577,asset,filename_mismatch_manual_mapping
/specials/images/OMN-Finish-3.jpg,https://cdn.shopify.com/s/files/1/0766/1489/3857/files/LCN-4040SE-size.gif?v=1704354673,asset,filename_mismatch_manual_mapping
/specials/images/OMN-Finish-4.jpg,https://cdn.shopify.com/s/files/1/0766/1489/3857/files/lcn-4110.jpg?v=1704442264,asset,filename_mismatch_manual_mapping
/specials/images/OMN-Finish-4_2.jpg,https://cdn.shopify.com/s/files/1/0766/1489/3857/files/LCN-4041T-size.gif?v=1704354722,asset,filename_mismatch_manual_mapping
/specials/images/OMN-Finish-5-2.jpg,https://cdn.shopify.com/s/files/1/0766/1489/3857/files/LCN-4111T-size.gif?v=1704354744,asset,filename_mismatch_manual_mapping
/specials/images/OMN-Finish-5.jpg,https://cdn.shopify.com/s/files/1/0766/1489/3857/files/LCN-4822-size.gif?v=1704354600,asset,filename_mismatch_manual_mapping
/specials/images/OMN-Finish-6-2.jpg,https://cdn.shopify.com/s/files/1/0766/1489/3857/files/lion-head-door-stop.jpg?v=1704354585,asset,filename_mismatch_manual_mapping
/specials/images/OMN-Finish-6.jpg,https://cdn.shopify.com/s/files/1/0766/1489/3857/files/locking-door-bars.jpg?v=1704354510,asset,filename_mismatch_manual_mapping
/specials/images/OMN-Finish-7-2.jpg,https://cdn.shopify.com/s/files/1/0766/1489/3857/files/made-usa-logo.jpg?v=1704354497,asset,filename_mismatch_manual_mapping
/specials/images/OMN-Finish-7-ultima3.jpg,https://cdn.shopify.com/s/files/1/0766/1489/3857/files/MGR-filigree-detail.jpg?v=1704354535,asset,filename_mismatch_manual_mapping
/specials/images/OMN-Finish-7.jpg,https://cdn.shopify.com/s/files/1/0766/1489/3857/files/MHE-brass-pinapple.jpg?v=1704354543,asset,filename_mismatch_manual_mapping
/specials/images/OMN-Finish-8.jpg,https://cdn.shopify.com/s/files/1/0766/1489/3857/files/MHE-nickel-pinapple.jpg?v=1704354543,asset,filename_mismatch_manual_mapping
/specials/images/OMN-Finish-9.jpg,https://cdn.shopify.com/s/files/1/0766/1489/3857/files/MHE-Oiled-pinapple.jpg?v=1704354543,asset,filename_mismatch_manual_mapping
/specials/images/OMN-Finish-PBPC.jpg,https://cdn.shopify.com/s/files/1/0766/1489/3857/files/MHE-ring-nickel.jpg?v=1704442283,asset,filename_mismatch_manual_mapping
/specials/images/OMN-Finish-ornate.jpg,https://cdn.shopify.com/s/files/1/0766/1489/3857/files/MHE-ring-brass.jpg?v=1704354519,asset,filename_mismatch_manual_mapping
/specials/images/OMN-Finish-retro.jpg,https://cdn.shopify.com/s/files/1/0766/1489/3857/files/MHE-ring-oiled.jpg?v=1704354519,asset,filename_mismatch_manual_mapping
/specials/images/OMN-L.D12012-installed.gif,https://cdn.shopify.com/s/files/1/0766/1489/3857/files/MHE-scallop-oiled.jpg?v=1704354528,asset,filename_mismatch_manual_mapping
/specials/images/OMN-MD-finish.jpg,https://cdn.shopify.com/s/files/1/0766/1489/3857/files/MHE-starfish-brass.jpg?v=1704354584,asset,filename_mismatch_manual_mapping
/specials/images/OMN-MDT-finish.jpg,https://cdn.shopify.com/s/files/1/0766/1489/3857/files/MHE-starfish-nickel.jpg?v=1704354584,asset,filename_mismatch_manual_mapping
/specials/images/OMN-REEDDB-specifications.gif,https://cdn.shopify.com/s/files/1/0766/1489/3857/files/MUL-T-LOCK-C08PC2_size.gif?v=1704354724,asset,filename_mismatch_manual_mapping
/specials/images/OMN-Ultima-II-Finshes.jpg,https://cdn.shopify.com/s/files/1/0766/1489/3857/files/MUL-T-LOCK-C08PC3_size.gif?v=1704354638,asset,filename_mismatch_manual_mapping
/specials/images/OMN-acb-710.jpg,https://cdn.shopify.com/s/files/1/0766/1489/3857/files/LAU-CONTEMPO-SN-SM.jpg?v=1704354674,asset,filename_mismatch_manual_mapping
/specials/images/OMN-classico-finishes.jpg,https://cdn.shopify.com/s/files/1/0766/1489/3857/files/LAU-DIVA-Specifications.gif?v=1704354622,asset,filename_mismatch_manual_mapping
/specials/images/OMN-finish-11432.jpg,https://cdn.shopify.com/s/files/1/0766/1489/3857/files/LCN-2030-closer-size.gif?v=1704354558,asset,filename_mismatch_manual_mapping
/specials/images/OMN-finish-19432.jpg,https://cdn.shopify.com/s/files/1/0766/1489/3857/files/LCN-3133-closer-size.gif?v=1704354671,asset,filename_mismatch_manual_mapping
/specials/images/OMN-finish-5-5.jpg,https://cdn.shopify.com/s/files/1/0766/1489/3857/files/LCN-4642-size.gif?v=1704354598,asset,filename_mismatch_manual_mapping
/specials/images/OMN-finish-64036.jpg,https://cdn.shopify.com/s/files/1/0766/1489/3857/files/locking-door-bolt-size.jpg?v=1704354517,asset,filename_mismatch_manual_mapping
/specials/images/OMN-finish-7-4.jpg,https://cdn.shopify.com/s/files/1/0766/1489/3857/files/mags-remote.jpg?v=1704442264,asset,filename_mismatch_manual_mapping
/specials/images/OMN-hd-Finish-3-2.jpg,https://cdn.shopify.com/s/files/1/0766/1489/3857/files/MHE-scallop-nickel.jpg?v=1704354528,asset,filename_mismatch_manual_mapping
/specials/images/OP09-pivot-size.gif,https://cdn.shopify.com/s/files/1/0766/1489/3857/files/MUL-T-LOCK-E11HE_size.gif?v=1704442274,asset,filename_mismatch_manual_mapping
/specials/images/Omnia-041-deadbolt.gif,https://cdn.shopify.com/s/files/1/0766/1489/3857/files/MUL-T-LOCK-C10PC1_size.gif?v=1704354707,asset,filename_mismatch_manual_mapping
/specials/images/PBB-CB214540_size.jpg,https://cdn.shopify.com/s/files/1/0766/1489/3857/files/MUL-T-LOCK-E11LE1_size.gif?v=1704442261,asset,filename_mismatch_manual_mapping
/specials/images/PDQ-429019-specifications.gif,https://cdn.shopify.com/s/files/1/0766/1489/3857/files/MUL-T-LOCK-E11LE2_size.gif?v=1704442275,asset,filename_mismatch_manual_mapping
/specials/images/PDQ-memphis-lever-size.gif,https://cdn.shopify.com/s/files/1/0766/1489/3857/files/MUL-T-LOCK-E11LE3_size.gif?v=1704442274,asset,filename_mismatch_manual_mapping
/specials/images/PDQ-orlando-lever-size.gif,https://cdn.shopify.com/s/files/1/0766/1489/3857/files/MUL-T-LOCK-E11SBP_size.gif?v=1704442260,asset,filename_mismatch_manual_mapping
/specials/images/PRE-PLS12PRO.jpg,https://cdn.shopify.com/s/files/1/0766/1489/3857/files/MUL-T-LOCK-E14HE_size.gif?v=1704442274,asset,filename_mismatch_manual_mapping
/specials/images/PRE-PLS24-Pictures.jpg,https://cdn.shopify.com/s/files/1/0766/1489/3857/files/MUL-T-LOCK-E14LE2_size.gif?v=1704442275,asset,filename_mismatch_manual_mapping
/specials/images/PRE-PLS24-package.jpg,https://cdn.shopify.com/s/files/1/0766/1489/3857/files/MUL-T-LOCK-E14LE1_size.gif?v=1704442261,asset,filename_mismatch_manual_mapping
/specials/images/RIX-1315-specifications.gif,https://cdn.shopify.com/s/files/1/0766/1489/3857/files/MUL-T-LOCK-G47G1_size.gif?v=1704354606,asset,filename_mismatch_manual_mapping
/specials/images/RKI-5-finishes.jpg,https://cdn.shopify.com/s/files/1/0766/1489/3857/files/MUL-T-LOCK-G55G1_size.gif?v=1704354738,asset,filename_mismatch_manual_mapping
/specials/images/RKI-Finishes-5.jpg,https://cdn.shopify.com/s/files/1/0766/1489/3857/files/nickel-crab.jpg?v=1704354546,asset,filename_mismatch_manual_mapping
/specials/images/RKI-Finishes-6.jpg,https://cdn.shopify.com/s/files/1/0766/1489/3857/files/norton-closer-arms.jpg?v=1704354564,asset,filename_mismatch_manual_mapping
/specials/images/RKI-Finishes-7.jpg,https://cdn.shopify.com/s/files/1/0766/1489/3857/files/nrp.jpg?v=1704442257,asset,filename_mismatch_manual_mapping
/specials/images/RKI-Fullerton-Pull-finishes.jpg,https://cdn.shopify.com/s/files/1/0766/1489/3857/files/oiled-bronze-dragonfly.jpg?v=1704354568,asset,filename_mismatch_manual_mapping
/specials/images/RKI-Nottingham-finishes.jpg,https://cdn.shopify.com/s/files/1/0766/1489/3857/files/OMN-11-specifications.gif?v=1704354548,asset,filename_mismatch_manual_mapping
/specials/images/RKI-alder-finishes.jpg,https://cdn.shopify.com/s/files/1/0766/1489/3857/files/MUL-T-LOCK-G55P_size.gif?v=1704354566,asset,filename_mismatch_manual_mapping
/specials/images/RKI-corcoran-finishes.jpg,https://cdn.shopify.com/s/files/1/0766/1489/3857/files/MUL-T-LOCK-NE10LE1_size.gif?v=1704354556,asset,filename_mismatch_manual_mapping
/specials/images/RKI-finish-6-vb.jpg,https://cdn.shopify.com/s/files/1/0766/1489/3857/files/MUL-T-LOCK-TR100_size.gif?v=1704354719,asset,filename_mismatch_manual_mapping
/specials/images/RKI-finish-6.jpg,https://cdn.shopify.com/s/files/1/0766/1489/3857/files/MUL-T-LOCK-TSR25_size.gif?v=1704354575,asset,filename_mismatch_manual_mapping
/specials/images/RKI-finish-7.jpg,https://cdn.shopify.com/s/files/1/0766/1489/3857/files/MUL-T-LOCK-TSR50_size.gif?v=1704354712,asset,filename_mismatch_manual_mapping
/specials/images/RKI-finishes-6-b.jpg,https://cdn.shopify.com/s/files/1/0766/1489/3857/files/nickel-dragonfly.jpg?v=1704354568,asset,filename_mismatch_manual_mapping
/specials/images/RKI-finishes.jpg,https://cdn.shopify.com/s/files/1/0766/1489/3857/files/oil-bronze-crab.jpg?v=1704354545,asset,filename_mismatch_manual_mapping
/specials/images/RKI-grab-bar-finishes.jpg,https://cdn.shopify.com/s/files/1/0766/1489/3857/files/OMN-10-specifications.gif?v=1704354502,asset,filename_mismatch_manual_mapping
/specials/images/RKI-palermo-finishes.jpg,https://cdn.shopify.com/s/files/1/0766/1489/3857/files/OMN-12-D9000-Specifications.gif?v=1704354775,asset,filename_mismatch_manual_mapping
/specials/images/ROW-LP3301-specifications.gif,https://cdn.shopify.com/s/files/1/0766/1489/3857/files/OMN-12S-D9000SA-specifications.gif?v=1704354741,asset,filename_mismatch_manual_mapping
/specials/images/SD-3007-2-pulls.jpg,https://cdn.shopify.com/s/files/1/0766/1489/3857/files/OMN-12S-specifications.gif?v=1704354714,asset,filename_mismatch_manual_mapping
/specials/images/SD-CHALICE_size.gif,https://cdn.shopify.com/s/files/1/0766/1489/3857/files/OMN-15-specifications.gif?v=1704354573,asset,filename_mismatch_manual_mapping
/specials/images/SD-MBR-833KR-size.jpg,https://cdn.shopify.com/s/files/1/0766/1489/3857/files/OMN-18-specifications.gif?v=1704354715,asset,filename_mismatch_manual_mapping
/specials/images/SD-SIG403_pull-size.gif,https://cdn.shopify.com/s/files/1/0766/1489/3857/files/OMN-19-specifications.gif?v=1704354684,asset,filename_mismatch_manual_mapping
/specials/images/SD-SIG405-400_pull-size.gif,https://cdn.shopify.com/s/files/1/0766/1489/3857/files/OMN-22-specifications.gif?v=1704354522,asset,filename_mismatch_manual_mapping
/specials/images/SD-SIG441_pull-size.gif,https://cdn.shopify.com/s/files/1/0766/1489/3857/files/OMN-23-specifications.gif?v=1704354546,asset,filename_mismatch_manual_mapping
/specials/images/SD409-1220_pull-size.gif,https://cdn.shopify.com/s/files/1/0766/1489/3857/files/OMN-25-specifications.gif?v=1704354577,asset,filename_mismatch_manual_mapping
/specials/images/SD409-355_pull-size.gif,https://cdn.shopify.com/s/files/1/0766/1489/3857/files/OMN-25S-D9000SA-specifications.gif?v=1704354503,asset,filename_mismatch_manual_mapping
/specials/images/SD409-610_pull-size.gif,https://cdn.shopify.com/s/files/1/0766/1489/3857/files/OMN-25S-specifications.gif?v=1704354508,asset,filename_mismatch_manual_mapping
/specials/images/SD409-914_pull-size.gif,https://cdn.shopify.com/s/files/1/0766/1489/3857/files/OMN-28-specifications.gif?v=1704442259,asset,filename_mismatch_manual_mapping
/specials/images/SDML334-mortise-size.gif,https://cdn.shopify.com/s/files/1/0766/1489/3857/files/OMN-29-specifications.gif?v=1704442260,asset,filename_mismatch_manual_mapping
/specials/images/SGS-H1000-size.gif,https://cdn.shopify.com/s/files/1/0766/1489/3857/files/OMN-33-specifications.gif?v=1704354582,asset,filename_mismatch_manual_mapping
/specials/images/SGS-H1200-size.gif,https://cdn.shopify.com/s/files/1/0766/1489/3857/files/OMN-43-specifications.gif?v=1704354682,asset,filename_mismatch_manual_mapping
/specials/images/SGS-RKS-1-glass-door-pull.jpg,https://cdn.shopify.com/s/files/1/0766/1489/3857/files/OMN-43S-specifications.gif?v=1704354594,asset,filename_mismatch_manual_mapping
/specials/images/SGS-SDH-018HL-specifications.gif,https://cdn.shopify.com/s/files/1/0766/1489/3857/files/OMN-45-specifications.gif?v=1704354669,asset,filename_mismatch_manual_mapping
/specials/images/SGS-SDH-024HL-dimentions.gif,https://cdn.shopify.com/s/files/1/0766/1489/3857/files/OMN-47-specifications.gif?v=1704354599,asset,filename_mismatch_manual_mapping
/specials/images/SGS-SDH-206H-Specifications.gif,https://cdn.shopify.com/s/files/1/0766/1489/3857/files/OMN-5-2-finish.jpg?v=1704354600,asset,filename_mismatch_manual_mapping
/specials/images/SGS-SDH-208H-Specifications.gif,https://cdn.shopify.com/s/files/1/0766/1489/3857/files/OMN-5-2-update-finish.jpg?v=1704442282,asset,filename_mismatch_manual_mapping
/specials/images/SGS-SDQ-600-Specifications.gif,https://cdn.shopify.com/s/files/1/0766/1489/3857/files/OMN-5037N-finish.jpg?v=1704354680,asset,filename_mismatch_manual_mapping
/specials/images/SGS-SDQ-800-Specifications.gif,https://cdn.shopify.com/s/files/1/0766/1489/3857/files/OMN-710-aca.jpg?v=1704354673,asset,filename_mismatch_manual_mapping
/specials/images/SGS-SDQ018-Dimentions.gif,https://cdn.shopify.com/s/files/1/0766/1489/3857/files/OMN-710-ecb.jpg?v=1704354568,asset,filename_mismatch_manual_mapping
/specials/images/SGS-SDQ024-525.gif,https://cdn.shopify.com/s/files/1/0766/1489/3857/files/OMN-720-aca.jpg?v=1704354747,asset,filename_mismatch_manual_mapping
/specials/images/SGS-SQ675-size.gif,https://cdn.shopify.com/s/files/1/0766/1489/3857/files/OMN-720-acb.jpg?v=1704354738,asset,filename_mismatch_manual_mapping
/specials/images/SGS-SQ875-size.gif,https://cdn.shopify.com/s/files/1/0766/1489/3857/files/OMN-720-ecb.jpg?v=1704354596,asset,filename_mismatch_manual_mapping
/specials/images/SIG104_specifications.gif,https://cdn.shopify.com/s/files/1/0766/1489/3857/files/OMN-7506-specifications.gif?v=1704354718,asset,filename_mismatch_manual_mapping
/specials/images/SIG243_size.gif,https://cdn.shopify.com/s/files/1/0766/1489/3857/files/OMN-943S-specifications.gif?v=1704354498,asset,filename_mismatch_manual_mapping
/specials/images/SIG267-size.gif,https://cdn.shopify.com/s/files/1/0766/1489/3857/files/OMN-9523-side.jpg?v=1704442260,asset,filename_mismatch_manual_mapping
/specials/images/SIG272-size.gif,https://cdn.shopify.com/s/files/1/0766/1489/3857/files/OMN-9580-finish.jpg?v=1704354764,asset,filename_mismatch_manual_mapping
/specials/images/SIG400_pull-size.gif,https://cdn.shopify.com/s/files/1/0766/1489/3857/files/OMN-acb-710.jpg?v=1704354707,asset,filename_mismatch_manual_mapping
/specials/images/SIG403_pull-size.gif,https://cdn.shopify.com/s/files/1/0766/1489/3857/files/OMN-classico-finishes.jpg?v=1704354531,asset,filename_mismatch_manual_mapping
/specials/images/SIG405-1220_pull-size.gif,https://cdn.shopify.com/s/files/1/0766/1489/3857/files/OMN-D9000A-specifications.gif?v=1704354611,asset,filename_mismatch_manual_mapping
/specials/images/SIG405-355_pull-size.gif,https://cdn.shopify.com/s/files/1/0766/1489/3857/files/OMN-D9000AC-specifications.gif?v=1704354680,asset,filename_mismatch_manual_mapping
/specials/images/SIG405-400_pull-size.gif,https://cdn.shopify.com/s/files/1/0766/1489/3857/files/OMN-D9000S-specifications.gif?v=1704354707,asset,filename_mismatch_manual_mapping
/specials/images/SIG405-610_pull-size.gif,https://cdn.shopify.com/s/files/1/0766/1489/3857/files/OMN-D9002-specifications.gif?v=1704354534,asset,filename_mismatch_manual_mapping
/specials/images/SIG405-914_pull-size.gif,https://cdn.shopify.com/s/files/1/0766/1489/3857/files/OMN-D900SAC-specifications.gif?v=1704354516,asset,filename_mismatch_manual_mapping
/specials/images/SIG441_pull-size.gif,https://cdn.shopify.com/s/files/1/0766/1489/3857/files/OMN-finish-11432.jpg?v=1704354729,asset,filename_mismatch_manual_mapping
/specials/images/SIG721-size.gif,https://cdn.shopify.com/s/files/1/0766/1489/3857/files/OMN-finish-19432.jpg?v=1704442279,asset,filename_mismatch_manual_mapping
/specials/images/SIG723-size.jpg,https://cdn.shopify.com/s/files/1/0766/1489/3857/files/OMN-Finish-2.jpg?v=1704354551,asset,filename_mismatch_manual_mapping
/specials/images/SIG723SS-size.jpg,https://cdn.shopify.com/s/files/1/0766/1489/3857/files/OMN-Finish-3.jpg?v=1704354721,asset,filename_mismatch_manual_mapping
/specials/images/SIG724-size.gif,https://cdn.shopify.com/s/files/1/0766/1489/3857/files/OMN-Finish-4_2.jpg?v=1704354559,asset,filename_mismatch_manual_mapping
/specials/images/SIG726-size.gif,https://cdn.shopify.com/s/files/1/0766/1489/3857/files/OMN-Finish-4.jpg?v=1704354596,asset,filename_mismatch_manual_mapping
/specials/images/SIG732_size.gif,https://cdn.shopify.com/s/files/1/0766/1489/3857/files/OMN-Finish-5-2.jpg?v=1704354678,asset,filename_mismatch_manual_mapping
/specials/images/SIG779-size.jpg,https://cdn.shopify.com/s/files/1/0766/1489/3857/files/OMN-finish-5-5.jpg?v=1704354631,asset,filename_mismatch_manual_mapping
/specials/images/SOSS-203-size.gif,https://cdn.shopify.com/s/files/1/0766/1489/3857/files/OMN-Finish-7.jpg?v=1704354530,asset,filename_mismatch_manual_mapping
/specials/images/SOSS-208_size.gif,https://cdn.shopify.com/s/files/1/0766/1489/3857/files/OMN-Finish-8.jpg?v=1704354521,asset,filename_mismatch_manual_mapping
/specials/images/SOSS-216_size.gif,https://cdn.shopify.com/s/files/1/0766/1489/3857/files/OMN-Finish-9.jpg?v=1704354519,asset,filename_mismatch_manual_mapping
/specials/images/SOSS-218_size.gif,https://cdn.shopify.com/s/files/1/0766/1489/3857/files/OMN-Finish-ornate.jpg?v=1704442260,asset,filename_mismatch_manual_mapping
/specials/images/SOSS-218is-specifications.gif,https://cdn.shopify.com/s/files/1/0766/1489/3857/files/OMN-Finish-PBPC.jpg?v=1704442279,asset,filename_mismatch_manual_mapping
/specials/images/SOSS-220-specifications.gif,https://cdn.shopify.com/s/files/1/0766/1489/3857/files/OMN-Finish-retro.jpg?v=1704442260,asset,filename_mismatch_manual_mapping
/specials/images/SP2751-size.gif,https://cdn.shopify.com/s/files/1/0766/1489/3857/files/OMN-FLORDB-Specifications.gif?v=1704354730,asset,filename_mismatch_manual_mapping
/specials/images/SPAN478-size.gif,https://cdn.shopify.com/s/files/1/0766/1489/3857/files/OMN-hd-Finish-3-2.jpg?v=1704354636,asset,filename_mismatch_manual_mapping
/specials/images/SPBDB478-size.gif,https://cdn.shopify.com/s/files/1/0766/1489/3857/files/OMN-L.D12012-installed.gif?v=1704354498,asset,filename_mismatch_manual_mapping
/specials/images/ST-386_size.jpg,https://cdn.shopify.com/s/files/1/0766/1489/3857/files/OMN-MDT-finish.jpg?v=1704354533,asset,filename_mismatch_manual_mapping
/specials/images/Single_Cylinder_Handleset.jpg,https://cdn.shopify.com/s/files/1/0766/1489/3857/files/OMN-Finish-5.jpg?v=1704354507,asset,filename_mismatch_manual_mapping
/specials/images/TC1461-closer-arms.jpg,https://cdn.shopify.com/s/files/1/0766/1489/3857/files/OMN-REEDDB-specifications.gif?v=1704354774,asset,filename_mismatch_manual_mapping
/specials/images/TC4300-closer-arms.jpg,https://cdn.shopify.com/s/files/1/0766/1489/3857/files/OMN-Ultima-II-Finshes.jpg?v=1704354511,asset,filename_mismatch_manual_mapping
/specials/images/TC7000-Pivots.jpg,https://cdn.shopify.com/s/files/1/0766/1489/3857/files/omnia-1300-series-size.gif?v=1704442278,asset,filename_mismatch_manual_mapping
/specials/images/TC7000-arms.gif,https://cdn.shopify.com/s/files/1/0766/1489/3857/files/Omnia-041-deadbolt.gif?v=1704354533,asset,filename_mismatch_manual_mapping
/specials/images/TC7000-size.gif,https://cdn.shopify.com/s/files/1/0766/1489/3857/files/omnia-14000-series-size.gif?v=1704442278,asset,filename_mismatch_manual_mapping
/specials/images/TC901-how-to.jpg,https://cdn.shopify.com/s/files/1/0766/1489/3857/files/omnia-16000-series-size.gif?v=1704442272,asset,filename_mismatch_manual_mapping
/specials/images/TH1100-RP124D-2ZCP-size.gif,https://cdn.shopify.com/s/files/1/0766/1489/3857/files/omnia-19000-series-size.gif?v=1704442279,asset,filename_mismatch_manual_mapping
/specials/images/TH1100-RP124D-3ZCP-size.gif,https://cdn.shopify.com/s/files/1/0766/1489/3857/files/omnia-21000-series-size.gif?v=1704442279,asset,filename_mismatch_manual_mapping
/specials/images/TH1100-RP124D-4ZCP-size.gif,https://cdn.shopify.com/s/files/1/0766/1489/3857/files/omnia-22000-series-size.gif?v=1704442279,asset,filename_mismatch_manual_mapping
/specials/images/TH1100-RP124D-DZCP-size.gif,https://cdn.shopify.com/s/files/1/0766/1489/3857/files/omnia-73000ECB-size.gif?v=1704354553,asset,filename_mismatch_manual_mapping
/specials/images/TH1100-RP951-size.gif,https://cdn.shopify.com/s/files/1/0766/1489/3857/files/omnia-mortise-size.jpg?v=1704354512,asset,filename_mismatch_manual_mapping
/specials/images/TH1110-HK1-size.gif,https://cdn.shopify.com/s/files/1/0766/1489/3857/files/omnia-prodigy-finish.jpg?v=1704354506,asset,filename_mismatch_manual_mapping
/specials/images/TH1110-pivot-size.gif,https://cdn.shopify.com/s/files/1/0766/1489/3857/files/OP09-pivot-size.gif?v=1704354541,asset,filename_mismatch_manual_mapping
/specials/images/TH1112-pivot-size.gif,https://cdn.shopify.com/s/files/1/0766/1489/3857/files/PBB-CB214540_size.jpg?v=1704442296,asset,filename_mismatch_manual_mapping
/specials/images/TH1114U-pivot-size.gif,https://cdn.shopify.com/s/files/1/0766/1489/3857/files/PDQ-429019-specifications.gif?v=1704354502,asset,filename_mismatch_manual_mapping
/specials/images/TH1116-pivot-size.gif,https://cdn.shopify.com/s/files/1/0766/1489/3857/files/PDQ-memphis-lever-size.gif?v=1704354536,asset,filename_mismatch_manual_mapping
/specials/images/UBOLT-Features.jpg,https://cdn.shopify.com/s/files/1/0766/1489/3857/files/pemko-door-security-bar.gif?v=1704354503,asset,filename_mismatch_manual_mapping
/specials/images/UIP-212-Specifications.gif,https://cdn.shopify.com/s/files/1/0766/1489/3857/files/polished-brass-closer-arm.jpg?v=1704354624,asset,filename_mismatch_manual_mapping
/specials/images/UP-pivot_size.gif,https://cdn.shopify.com/s/files/1/0766/1489/3857/files/PRE-PLS12PRO.jpg?v=1704354584,asset,filename_mismatch_manual_mapping
/specials/images/WSLP-104-630-size.gif,https://cdn.shopify.com/s/files/1/0766/1489/3857/files/program-smartscan.jpg?v=1704442262,asset,filename_mismatch_manual_mapping
/specials/images/YAL-YBNDR-Installed.jpg,https://cdn.shopify.com/s/files/1/0766/1489/3857/files/RIX-1315-specifications.gif?v=1704442283,asset,filename_mismatch_manual_mapping
/specials/images/ZHRBB325_size.gif,https://cdn.shopify.com/s/files/1/0766/1489/3857/files/RKI-5-finishes.jpg?v=1704354514,asset,filename_mismatch_manual_mapping
/specials/images/jackson-J-190_size.gif,https://cdn.shopify.com/s/files/1/0766/1489/3857/files/INX-BD1023-installed.jpg?v=1704354549,asset,filename_mismatch_manual_mapping
/specials/images/jackson_20-330.gif,https://cdn.shopify.com/s/files/1/0766/1489/3857/files/INX-345-specifications.gif?v=1704354747,asset,filename_mismatch_manual_mapping
/specials/images/kaba-3001-size.gif,https://cdn.shopify.com/s/files/1/0766/1489/3857/files/INX-Finish-2.jpg?v=1704354575,asset,filename_mismatch_manual_mapping
/specials/images/kaba-5000-size.gif,https://cdn.shopify.com/s/files/1/0766/1489/3857/files/INX-Finish-3.jpg?v=1704354524,asset,filename_mismatch_manual_mapping
/specials/images/kaba-5200-size.gif,https://cdn.shopify.com/s/files/1/0766/1489/3857/files/INX-RA105-specifications.gif?v=1704354736,asset,filename_mismatch_manual_mapping
/specials/images/kaba-7102-size.gif,https://cdn.shopify.com/s/files/1/0766/1489/3857/files/INX-RA109-specifications.gif?v=1704354712,asset,filename_mismatch_manual_mapping
/specials/images/kaba-7104-size.gif,https://cdn.shopify.com/s/files/1/0766/1489/3857/files/INX-RA213-specifications.gif?v=1704354575,asset,filename_mismatch_manual_mapping
/specials/images/kaba-E2031-size.gif,https://cdn.shopify.com/s/files/1/0766/1489/3857/files/INX-RA214-specifications.gif?v=1704354777,asset,filename_mismatch_manual_mapping
/specials/images/kaba-simplex-1011-size.gif,https://cdn.shopify.com/s/files/1/0766/1489/3857/files/INX-RA225-specifications.gif?v=1704354778,asset,filename_mismatch_manual_mapping
/specials/images/kaba-simplex-1021-size.gif,https://cdn.shopify.com/s/files/1/0766/1489/3857/files/INX-RA226-specifications.gif?v=1704354646,asset,filename_mismatch_manual_mapping
/specials/images/kaba-simplex-1031-size.gif,https://cdn.shopify.com/s/files/1/0766/1489/3857/files/INX-RA227-specifications.gif?v=1704354764,asset,filename_mismatch_manual_mapping
/specials/images/kaba-simplex-1041-size.gif,https://cdn.shopify.com/s/files/1/0766/1489/3857/files/INX-RA244-specifications.gif?v=1704354734,asset,filename_mismatch_manual_mapping
/specials/images/kaba-simplex-5010-size.gif,https://cdn.shopify.com/s/files/1/0766/1489/3857/files/INX-RA311-specifications.gif?v=1704354768,asset,filename_mismatch_manual_mapping
/specials/images/kaba-simplex-5021-size.gif,https://cdn.shopify.com/s/files/1/0766/1489/3857/files/INX-RA345-specifications.gif?v=1704354530,asset,filename_mismatch_manual_mapping
/specials/images/kaba-simplex-8148-size.gif,https://cdn.shopify.com/s/files/1/0766/1489/3857/files/INX-RA346-specifications.gif?v=1704354656,asset,filename_mismatch_manual_mapping
/specials/images/kaba-simplex-902-size.gif,https://cdn.shopify.com/s/files/1/0766/1489/3857/files/INX-RA351-specifications.gif?v=1704354745,asset,filename_mismatch_manual_mapping
/specials/images/kaba-simplex-904-size.gif,https://cdn.shopify.com/s/files/1/0766/1489/3857/files/INX-SE101-specifications.gif?v=1704354767,asset,filename_mismatch_manual_mapping
/specials/images/kaba-simplex-910-size.gif,https://cdn.shopify.com/s/files/1/0766/1489/3857/files/INX-SE102-specifications.gif?v=1704354707,asset,filename_mismatch_manual_mapping
/specials/images/kaba-simplex-917-size.gif,https://cdn.shopify.com/s/files/1/0766/1489/3857/files/INX-SE103-specifications.gif?v=1704354607,asset,filename_mismatch_manual_mapping
/specials/images/kaba-simplex-919-size.gif,https://cdn.shopify.com/s/files/1/0766/1489/3857/files/INX-SE108-specifications.gif?v=1704354720,asset,filename_mismatch_manual_mapping
/specials/images/kaba-simplex-929-size.gif,https://cdn.shopify.com/s/files/1/0766/1489/3857/files/INX-SE211-specifications.gif?v=1704354608,asset,filename_mismatch_manual_mapping
/specials/images/kaba-simplex-938-size.gif,https://cdn.shopify.com/s/files/1/0766/1489/3857/files/INX-SE221-specifications.gif?v=1704354737,asset,filename_mismatch_manual_mapping
/specials/images/kaba-simplex-EE1011EE1011-size.gif,https://cdn.shopify.com/s/files/1/0766/1489/3857/files/INX-SE251-specifications.gif?v=1704354638,asset,filename_mismatch_manual_mapping
/specials/images/kaba-simplex-EE1021SEE1021-size.gif,https://cdn.shopify.com/s/files/1/0766/1489/3857/files/INX-SE346-specifications.gif?v=1704354684,asset,filename_mismatch_manual_mapping
/specials/images/kaba-simplex-L1011-size.gif,https://cdn.shopify.com/s/files/1/0766/1489/3857/files/INX-SH104-specifications.gif?v=1704354641,asset,filename_mismatch_manual_mapping
/specials/images/kaba-simplex-L1021-size.gif,https://cdn.shopify.com/s/files/1/0766/1489/3857/files/INX-SH105-specifications.gif?v=1704354765,asset,filename_mismatch_manual_mapping
/specials/images/kaba-simplex-L1031-size.gif,https://cdn.shopify.com/s/files/1/0766/1489/3857/files/INX-SH107-installed.jpg?v=1704354704,asset,filename_mismatch_manual_mapping
/specials/images/kaba-simplex-L1041-size.gif,https://cdn.shopify.com/s/files/1/0766/1489/3857/files/INX-SH107-specifications.gif?v=1704354704,asset,filename_mismatch_manual_mapping
/specials/images/kaba-simplex-L1076-size.gif,https://cdn.shopify.com/s/files/1/0766/1489/3857/files/INX-SH109-specifications.gif?v=1704354775,asset,filename_mismatch_manual_mapping
/specials/images/kwikset-camino-dummy-size.jpg,https://cdn.shopify.com/s/files/1/0766/1489/3857/files/jackson-J-190_size.gif?v=1704354515,asset,filename_mismatch_manual_mapping
/specials/images/kwikset-camino-size.jpg,https://cdn.shopify.com/s/files/1/0766/1489/3857/files/KABA-201526D41-specifications.gif?v=1704354680,asset,filename_mismatch_manual_mapping
/specials/images/lcn-1460-arms.jpg,https://cdn.shopify.com/s/files/1/0766/1489/3857/files/kaba-3001-size.gif?v=1704354504,asset,filename_mismatch_manual_mapping
/specials/images/lcn-4010-series-closer.jpg,https://cdn.shopify.com/s/files/1/0766/1489/3857/files/kaba-7102-size.gif?v=1704354703,asset,filename_mismatch_manual_mapping
/specials/images/lcn-4110.jpg,https://cdn.shopify.com/s/files/1/0766/1489/3857/files/kaba-simplex-1011-size.gif?v=1704354567,asset,filename_mismatch_manual_mapping
/specials/images/lion-head-door-stop.jpg,https://cdn.shopify.com/s/files/1/0766/1489/3857/files/kaba-simplex-5010-size.gif?v=1704354743,asset,filename_mismatch_manual_mapping
/specials/images/locking-door-bars.jpg,https://cdn.shopify.com/s/files/1/0766/1489/3857/files/kaba-simplex-5021-size.gif?v=1704354513,asset,filename_mismatch_manual_mapping
/specials/images/locking-door-bolt-size.jpg,https://cdn.shopify.com/s/files/1/0766/1489/3857/files/kaba-simplex-8148-size.gif?v=1704354501,asset,filename_mismatch_manual_mapping
/specials/images/made-usa-logo.jpg,https://cdn.shopify.com/s/files/1/0766/1489/3857/files/kaba-simplex-902-size.gif?v=1704354717,asset,filename_mismatch_manual_mapping
/specials/images/mags-remote.jpg,https://cdn.shopify.com/s/files/1/0766/1489/3857/files/kaba-simplex-904-size.gif?v=1704354689,asset,filename_mismatch_manual_mapping
/specials/images/nickel-crab.jpg,https://cdn.shopify.com/s/files/1/0766/1489/3857/files/LAU-41926-SM.jpg?v=1704354526,asset,filename_mismatch_manual_mapping
/specials/images/nickel-dragonfly.jpg,https://cdn.shopify.com/s/files/1/0766/1489/3857/files/LAU-41928-SM.jpg?v=1704354526,asset,filename_mismatch_manual_mapping
/specials/images/norton-closer-arms.jpg,https://cdn.shopify.com/s/files/1/0766/1489/3857/files/LAU-53904-SM.jpg?v=1704354624,asset,filename_mismatch_manual_mapping
/specials/images/nrp.jpg,https://cdn.shopify.com/s/files/1/0766/1489/3857/files/LAU-53914-SM.jpg?v=1704354623,asset,filename_mismatch_manual_mapping
/specials/images/oil-bronze-crab.jpg,https://cdn.shopify.com/s/files/1/0766/1489/3857/files/LAU-53928-SM.jpg?v=1704354623,asset,filename_mismatch_manual_mapping
/specials/images/oiled-bronze-dragonfly.jpg,https://cdn.shopify.com/s/files/1/0766/1489/3857/files/LAU-53966-SM.jpg?v=1704354623,asset,filename_mismatch_manual_mapping
/specials/images/omn-mortise-entrance-handleset.jpg,https://cdn.shopify.com/s/files/1/0766/1489/3857/files/MUL-T-LOCK-C08PC1_size.gif?v=1704354673,asset,filename_mismatch_manual_mapping
/specials/images/omnia-1300-series-size.gif,https://cdn.shopify.com/s/files/1/0766/1489/3857/files/MUL-T-LOCK-C10PC2_size.gif?v=1704354731,asset,filename_mismatch_manual_mapping
/specials/images/omnia-14000-series-size.gif,https://cdn.shopify.com/s/files/1/0766/1489/3857/files/MUL-T-LOCK-C10PC3_size.gif?v=1704354563,asset,filename_mismatch_manual_mapping
/specials/images/omnia-16000-series-size.gif,https://cdn.shopify.com/s/files/1/0766/1489/3857/files/MUL-T-LOCK-C13PC1_size.gif?v=1704354749,asset,filename_mismatch_manual_mapping
/specials/images/omnia-17000-series-size.gif,https://cdn.shopify.com/s/files/1/0766/1489/3857/files/MUL-T-LOCK-C13PC2_size.gif?v=1704354562,asset,filename_mismatch_manual_mapping
/specials/images/omnia-18000-series-size.gif,https://cdn.shopify.com/s/files/1/0766/1489/3857/files/MUL-T-LOCK-C13PC3_size.gif?v=1704354765,asset,filename_mismatch_manual_mapping
/specials/images/omnia-19000-series-size.gif,https://cdn.shopify.com/s/files/1/0766/1489/3857/files/MUL-T-LOCK-C16RC1_size.gif?v=1704354529,asset,filename_mismatch_manual_mapping
/specials/images/omnia-21000-series-size.gif,https://cdn.shopify.com/s/files/1/0766/1489/3857/files/MUL-T-LOCK-C35SB_size.gif?v=1704442261,asset,filename_mismatch_manual_mapping
/specials/images/omnia-22000-series-size.gif,https://cdn.shopify.com/s/files/1/0766/1489/3857/files/MUL-T-LOCK-E08HE_size.gif?v=1704442274,asset,filename_mismatch_manual_mapping
/specials/images/omnia-73000ECB-size.gif,https://cdn.shopify.com/s/files/1/0766/1489/3857/files/MUL-T-LOCK-E08LE1_size.gif?v=1704442260,asset,filename_mismatch_manual_mapping
/specials/images/omnia-mortise-size.jpg,https://cdn.shopify.com/s/files/1/0766/1489/3857/files/MUL-T-LOCK-E08LE2_size.gif?v=1704442274,asset,filename_mismatch_manual_mapping
/specials/images/omnia-prodigy-finish.jpg,https://cdn.shopify.com/s/files/1/0766/1489/3857/files/MUL-T-LOCK-E08LE3_size.gif?v=1704442274,asset,filename_mismatch_manual_mapping
/specials/images/pemko-door-security-bar.gif,https://cdn.shopify.com/s/files/1/0766/1489/3857/files/MUL-T-LOCK-E11SBR_size.gif?v=1704442274,asset,filename_mismatch_manual_mapping
/specials/images/polished-brass-closer-arm.jpg,https://cdn.shopify.com/s/files/1/0766/1489/3857/files/MUL-T-LOCK-E13SBR_size.gif?v=1704442261,asset,filename_mismatch_manual_mapping
/specials/images/program-smartscan.jpg,https://cdn.shopify.com/s/files/1/0766/1489/3857/files/MUL-T-LOCK-E14LE3_size.gif?v=1704442275,asset,filename_mismatch_manual_mapping
/specials/images/rki-BP-7818-finish.jpg,https://cdn.shopify.com/s/files/1/0766/1489/3857/files/MUL-T-LOCK-NE10HE1_size.gif?v=1704354721,asset,filename_mismatch_manual_mapping
/specials/images/rki-trumbull-finish.jpg,https://cdn.shopify.com/s/files/1/0766/1489/3857/files/OMN-12-specifications.gif?v=1704354508,asset,filename_mismatch_manual_mapping
/specials/images/school-security-lock.jpg,https://cdn.shopify.com/s/files/1/0766/1489/3857/files/OMN-12S-D9000SAC-specifications.gif?v=1704354714,asset,filename_mismatch_manual_mapping
/specials/images/sex-bolt-size.gif,https://cdn.shopify.com/s/files/1/0766/1489/3857/files/OMN-32-specifications.gif?v=1704354620,asset,filename_mismatch_manual_mapping
/specials/images/short-leaf-flush.jpg,https://cdn.shopify.com/s/files/1/0766/1489/3857/files/OMN-730-aca.jpg?v=1704354582,asset,filename_mismatch_manual_mapping
/specials/images/short-leaf-inset.jpg,https://cdn.shopify.com/s/files/1/0766/1489/3857/files/OMN-730acb.jpg?v=1704354550,asset,filename_mismatch_manual_mapping
/specials/images/slide-door-finials-2.jpg,https://cdn.shopify.com/s/files/1/0766/1489/3857/files/OMN-Finish-6-2.jpg?v=1704354524,asset,filename_mismatch_manual_mapping
/specials/images/sliding-door-handing.gif,https://cdn.shopify.com/s/files/1/0766/1489/3857/files/OMN-Finish-6.jpg?v=1704354512,asset,filename_mismatch_manual_mapping
/specials/images/sliding-window-lock.gif,https://cdn.shopify.com/s/files/1/0766/1489/3857/files/OMN-finish-64036.jpg?v=1704442279,asset,filename_mismatch_manual_mapping
/specials/images/smartscan-control-access.jpg,https://cdn.shopify.com/s/files/1/0766/1489/3857/files/OMN-Finish-7-2.jpg?v=1704354511,asset,filename_mismatch_manual_mapping
/specials/images/smartscan-technology.jpg,https://cdn.shopify.com/s/files/1/0766/1489/3857/files/OMN-finish-7-4.jpg?v=1704354668,asset,filename_mismatch_manual_mapping
/specials/images/smartscan-with-smartkey.jpg,https://cdn.shopify.com/s/files/1/0766/1489/3857/files/OMN-Finish-7-ultima3.jpg?v=1704354548,asset,filename_mismatch_manual_mapping
/specials/images/square-shower-pull-detail.jpg,https://cdn.shopify.com/s/files/1/0766/1489/3857/files/OMN-MD-finish.jpg?v=1704354566,asset,filename_mismatch_manual_mapping
/specials/images/swarovski-crystals-door-pull.jpg,https://cdn.shopify.com/s/files/1/0766/1489/3857/files/omn-mortise-entrance-handleset.jpg?v=1704354592,asset,filename_mismatch_manual_mapping
/specials/images/th1100-doorstiles.jpg,https://cdn.shopify.com/s/files/1/0766/1489/3857/files/omnia-17000-series-size.gif?v=1704442278,asset,filename_mismatch_manual_mapping
/specials/images/th1100-paddle-chart.jpg,https://cdn.shopify.com/s/files/1/0766/1489/3857/files/omnia-18000-series-size.gif?v=1704442279,asset,filename_mismatch_manual_mapping
/specials/images/track-arm-closers.gif,https://cdn.shopify.com/s/files/1/0766/1489/3857/files/PDQ-orlando-lever-size.gif?v=1704354498,asset,filename_mismatch_manual_mapping
/specials/images/wide-throw-full.jpg,https://cdn.shopify.com/s/files/1/0766/1489/3857/files/PRE-PLS24-package.jpg?v=1704354498,asset,filename_mismatch_manual_mapping
/specials/images/wordlock-padlocks-colors.gif,https://cdn.shopify.com/s/files/1/0766/1489/3857/files/PRE-PLS24-Pictures.jpg?v=1704354498,asset,filename_mismatch_manual_mapping
images/finishes-rki.jpg,https://cdn.shopify.com/s/files/1/0766/1489/3857/files/finishes-rki_0cb36a17-94e3-45f3-905d-f3fcc9b25c73.jpg?v=1719759206,asset,filename_mismatch_manual_mapping
